ID,Priority,Group,Media Type,Published,Year,Title / Item,Publication / Platform,Exact Name Matched,How Featured,Work / Subject,Byline / Host,Language,Source Relationship,Verification,Confidence,Press-Kit Use,Direct Link,Secondary Link,Evidence / Notes,Last Checked
PE-001,A,Press & Editorial,Album feature / review,2026-06-12,2026,Forget ASMR. Zazie Productions Will Rewire Your Whole Nervous System,Limitless Magazine,Zazie Productions,Dedicated feature on the album and artist,Anesthesia for the Signal Age,AMMPRO,English,Independent editorial,Direct page verified,High,Recommended,https://limitless-magazine.com/2026/06/12/forget-asmr-zazie-productions-will-rewire-your-whole-nervous-system,,Headline and article repeatedly name Zazie Productions.,2026-08-09
PE-002,A,Press & Editorial,Composer profile / feature,2026-06-12,2026,How an Underground Experimental Musician Became a Go-To Composer for Psychological Horror,BillboardWire,Zazie Kanwar-Torge; Zazie Productions,Dedicated profile with direct quote and IMDb/demo-reel links,Psychological-horror scoring,Ethan Walker,English,Independent editorial,Direct page verified,High,Recommended,https://billboardwire.com/how-an-underground-experimental-musician-became-a-go-to-composer-for-psychological-horror/,,Opening identifies Zazie Kanwar-Torge and Zazie Productions exactly.,2026-08-09
PE-003,A,Press & Editorial,Artist profile / feature,2025-12-12,2025,Zazie Productions: The Underground Polymath Redefining Experimental Music,Grammy Weekly,Zazie Productions,Dedicated artist profile,Career overview,Angelina Joy,English,Independent editorial,Direct page verified,High,Recommended,https://grammyweekly.com/zazie-productions-the-underground-polymath-redefining-experimental-music/,,Exact name appears in headline and throughout article.,2026-08-09
PE-004,A,Press & Editorial,Music news / single feature,2025-02-18,2025,ZAZIE PRODUCTIONS Unleash Eclectic Single ‘Can’t Get My Eyes Off You (123)’,HEAVY Magazine,Zazie Productions,Dedicated single feature,Can’t Get My Eyes Off You (123),HEAVY,English,Independent editorial,Direct page verified,High,Recommended,https://heavymag.com.au/zazie-productions-unleash-eclectic-single-cant-get-my-eyes-off-you-123/,,"Exact name appears in headline, copy and tag.",2026-08-09
PE-005,A,Press & Editorial,Music review,2025-02-08,2025,Reseña: Zazie Productions y Unwashed Miscreant rompen esquemas con ‘Can’t Get My Eyes Off You (123)’,Indie AM,Zazie Productions,Dedicated Spanish-language review,Can’t Get My Eyes Off You (123),Alejandro Balcázar,Spanish,Independent editorial,Direct page verified,High,Recommended,https://indieam.com.mx/2025/02/08/resena-zazie-productions-y-unwashed-miscreant-rompen-esquemas-con-cant-get-my-eyes-off-you-123/,,Exact name appears in headline and article body.,2026-08-09
PE-006,A,Press & Editorial,Music feature,2025-03-17,2025,Zazie Productions y el experimento sonoro que desafía la lógica: ‘CAN’T GET MY EYES OFF YOU (123)’,Shock Web Radio,Zazie Productions,Dedicated Spanish-language feature,Can’t Get My Eyes Off You (123),Rita Andino,Spanish,Independent editorial,Direct page verified,High,Recommended,https://shockwebradio.com/musica/zazie-productions-y-el-experimento-sonoro-que-desafia-la-logica-cant-get-my-eyes-off-you-123/,,"Exact name appears in headline, copy, image metadata and tag.",2026-08-09
PE-007,B,Press & Editorial,Music roundup,2025-03-03,2025,"Radar: Shape, Samuel James e outros sons que chegaram pelo Groover",Pop Fantasma,Zazie Productions,Artist and track included in a multi-artist roundup,Stunning That You’d Care,,Portuguese,Independent editorial,Direct page verified,High,Recommended,https://popfantasma.com.br/radar-shape-samuel-james-e-outros-sons-que-chegaram-pelo-groover/,,"Section heading reads ‘ZAZIE PRODUCTIONS, STUNNING THAT YOU’D CARE.’",2026-08-09
PE-008,A,Press & Editorial,Film review,2025-03-24,2025,Spinning in the Wildness: Phantom Requiem,Lake Ivan Film Journal,Zazie Kanwar-Torge; Zazie Productions,Full-length critical review,Phantom Requiem,David Finkelstein,English,Independent editorial,Direct page verified,High,Recommended,https://lakeivan.substack.com/p/spinning-in-the-wildness-phantom,,Review names the short as by Zazie Productions and credits filmmaker Zazie Kanwar-Torge.,2026-08-09
PE-009,B,Press & Editorial,Music blog / compilation announcement,2023-11-11,2023,Dark Ambient: Shadowlands 4 Is Out Now!,Casey Douglass,Zazie Productions,Named in embedded compilation tracklist,Shadowlands 4 / Seroquel Coma,Casey Douglass,English,Independent editorial,Direct page verified,High,Recommended,https://www.casey-douglass.com/2023/11/dark-ambient-shadowlands-4-is-out-now.html,,Embedded tracklist shows ‘Zazie Productions - Seroquel Coma.’,2026-08-09
PE-010,A,Press & Editorial,Expert commentary,2025-10-13,2025,What Creators Really Want From Brands In 2025 (And What They’ll Expect In 2026),Viral Nation,Zazie Kanwar-Torge; Zazie Productions,Quoted creator and founder in industry report,Creator-brand partnerships,,English,Independent editorial,Direct page verified,High,Recommended,https://www.viralnation.com/resources/blog/what-creators-want-from-brands,,Exact full name and company name introduce a direct quote.,2026-08-09
PE-011,B,Press & Editorial,Expert commentary,2025-10-03,2025,Art PR: Expanding artistic reach through digital exhibitions,PR ON THE GO,Zazie Kanwar-Torge; Zazie Productions,Named expert with extended quote,Digital exhibitions and audience growth,,English,Independent editorial,Direct page verified,High,Recommended,https://pronthego.com/pages/blog/art-PR-expanding-artistic-reach-through-digital-exhibitions,,Expert heading contains both exact names.,2026-08-09
PE-012,B,Press & Editorial,Expert commentary,2025-10-27,2025,How film festivals can help a film attract media attention and get distribution deals,PR ON THE GO,Zazie Kanwar-Torge; Zazie Productions,Named expert with extended quote,Film-festival publicity,,English,Independent editorial,Direct page verified,High,Recommended,https://pronthego.com/pages/blog/indie-film-PR-how-film-festivals-can-help-a-film-attract-media-attention-and-get-distribution-deals,,Expert heading identifies Zazie Kanwar-Torge at Zazie Productions.,2026-08-09
PE-013,B,Press & Editorial,Expert commentary,2025-10-29,2025,Sights and Sounds - Aesthetic Identities of Indie Musicians,PR ON THE GO,Zazie Kanwar-Torge; Zazie Productions,Named expert / artist-curator quote,Indie music aesthetics,,English,Independent editorial,Direct page verified,High,Recommended,https://pronthego.com/pages/blog/indie-music-PR-sights-and-sounds-aesthetic-identities-of-indie-musicians,,Search-indexed expert heading contains both exact names.,2026-08-09
PE-014,B,Press & Editorial,Expert commentary,2025-04-18,2025,"This is how rebellious, alternative fashion is making its way back into society",PR ON THE GO,Zazie Productions,Named expert with extended quote,Grunge and whimsigoth fashion,,English,Independent editorial,Direct page verified,High,Recommended,https://pronthego.com/pages/blog/this-is-how-rebellious-alternative-fashion-is-making-its-way-back-into-society,,Contributor section is headed by the exact name Zazie Productions.,2026-08-09
PE-015,B,Press & Editorial,Expert commentary,2025-04-19,2025,When Algorithms Imitate Art: The Rise of Ghibli-Style AI and What It Means for Creators,PR ON THE GO,Zazie Productions,Named expert with direct quote,"AI, artistic ethics and imitation",,English,Independent editorial,Direct page + search index verified,High,Recommended,https://pronthego.com/pages/blog/when-algorithms-imitate-art-the-rise-of-ghibli-style-ai-and-what-it-means-for-creators,,Indexed contributor heading uses the exact name Zazie Productions.,2026-08-09
PE-016,C,Press & Editorial,Press release,2024-09-12,2024,Zazie Productions Unveils ‘Phantom Requiem’ (2024) – A Haunting Five-Minute Stop-Motion Avant-Garde Masterpiece,PRFree,Zazie Productions,Issued press release,Phantom Requiem,,English,Press-release platform / issued by artist,Direct page verified,High,Context only,https://news.prfree.org/@zazieproductions/zazie-productions-unveils-phantom-requiem-2024-a-haunting-five-minute-stop-motion-avant-garde-masterpiece-q85vaihvx2hk,,"Exact name is in headline and issuer field; label as a press release, not independent review.",2026-08-09
PE-017,C,Press & Editorial,Press release,2025-03-17,2025,"Zazie Productions Launches The Vanishing Point Syndicate, a Bold New NetLabel, with Dissonance Index Vol. 1",PRFree,Zazie Productions,Issued press release,The Vanishing Point Syndicate / Dissonance Index Vol. 1,,English,Press-release platform,Direct page verified,High,Context only,https://news.prfree.org/@noisemusicnewsdaily/zazie-productions-launches-the-vanishing-point-syndicate-a-bold-new-netlabel-with-dissonance-index-vol-1-a-global-underground-compilation-krmhmvbx1u59,,Exact name appears in headline and release body.,2026-08-09
PE-018,C,Press & Editorial,Hosted article / release,2025-03-17,2025,Zazie Productions Unleashes The Vanishing Point Syndicate with Dissonance Index Compilation,Telegraph (telegra.ph),Zazie Productions,Dedicated hosted article,The Vanishing Point Syndicate,Pablo Varga,English,User-hosted publishing platform,Direct page verified,High,Context only,https://telegra.ph/Zazie-Productions-Unleashes-The-Vanishing-Point-Syndicate-with-Dissonance-Index-Compilation-03-17,,"Exact name appears in headline and article body. This is Telegraph by Telegram, not The Daily Telegraph.",2026-08-09
PE-019,B,Press & Editorial,Podcast episode,2025-03-18,2025,The Online Frontier of Sound: Exploring The Vanishing Point Syndicate's First Compilation,Five Steps From The Fringe / Spotify for Creators,Zazie Productions,Episode centers the artist’s new online label,The Vanishing Point Syndicate,Obsidian Veil Media,English,Third-party podcast,Direct page verified,High,Recommended,https://creators.spotify.com/pod/profile/fsftf/episodes/The-Online-Frontier-of-Sound-Exploring-The-Vanishing-Point-Syndicates-First-Compilation-e30bl26,,Episode description begins with the exact name Zazie Productions.,2026-08-09
PE-020,A,Press & Editorial,Institutional artist feature / broadcast,2021-11-16,2021,BROADCAST: BMC RADIO ARTIST ZAZIE PRODUCTIONS,Black Mountain College Museum + Arts Center,Zazie Productions,"Commissioned radio artist bio, broadcast and interview announcement",Cheaper Impressions / BMC Radio Art,,English,Institutional,Direct page verified,High,Recommended,https://www.blackmountaincollege.org/broadcast-bmc-radio-artist-zazie-productions/,,"Exact name appears in headline, artist bio and event copy.",2026-08-09
PE-021,A,Press & Editorial,Podcast episode,2024-09-26,2024,Phantom Requiem: The Haunting Vision of Zazie Productions,Five Steps From The Fringe / Spotify,Zazie Productions,Dedicated podcast episode,Phantom Requiem,Obsidian Veil Media,English,Third-party podcast,Direct page verified,High,Recommended,https://open.spotify.com/episode/1fvq4kF8w6ew8IllOLf5yn,,Exact name is in episode title and description.,2026-08-09
PE-022,A,Press & Editorial,Audio feature,2021-12-17,2021,BMC Radio Art: Zazie Productions - Cheaper Impressions,Black Mountain College Radio / SoundCloud,Zazie Productions; Zazie Kanwar-Torge,Hosted commissioned radio artwork and artist description,Cheaper Impressions,,English,Institutional,Direct page verified,High,Recommended,https://soundcloud.com/bmcmuseum/bmc-radio-art-zazie-productions-cheaper-impressions,,Search-indexed title contains Zazie Productions and description names Zazie Kanwar-Torge.,2026-08-09
PE-023,B,Press & Editorial,Podcast listing,2021-12-17,2021,BMC Radio Art: Zazie Productions - Cheaper Impressions,Apple Podcasts,Zazie Productions,Podcast distribution listing,Cheaper Impressions,,English,Podcast distributor,Region-restricted page; exact title verified by URL and linked source,Medium,Recommended,https://podcasts.apple.com/au/podcast/bmc-radio-art-zazie-productions-cheaper-impressions/id1538618362?i=1000545099810,,Apple page is region restricted; exact episode title is preserved in URL and linked by official Linktree.,2026-08-09
PE-024,B,Press & Editorial,Magazine feature / sound art,2024-06-18,2024,Superpresent Vol. 4 No. 3 — Suture Disruption (Percussive),Superpresent Magazine,Zazie Productions,Contributor and featured sound-art entry on p. 66,Suture Disruption (Percussive),,English,Independent arts magazine,Direct page verified,High,Recommended,https://superpresent.org/wp-content/uploads/2024/06/V4N3-pdf.pdf,,PDF contents and entry credit the exact name Zazie Productions.,2026-08-09
PE-025,B,Press & Editorial,Magazine feature / music,2024,2024,"Issue #4, 2024 — Frostbite Fantasia",Ranger Magazine,Zazie Productions,Named music contributor with dedicated page,Frostbite Fantasia,,English,Independent arts magazine,Direct page verified,High,Recommended,https://www.rangermagazine.net/zazie_issue4,https://www.rangermagazine.net/issue4,Dedicated feature page and issue contents use the exact name.,2026-08-09
FF-001,A,"Film, Festivals & Exhibitions",Film review / exhibition page,2024-12,2024,PHANTOM REQUIEM by Zazie Kanwar-Torge (Zazie Productions) | USA (2024) – JURY SPECIAL MENTION,Pebbles Underground,Zazie Kanwar-Torge; Zazie Productions,"Film page, award citation, bio and full film",Phantom Requiem,,English,Independent festival / arts platform,Direct page verified,High,Recommended,https://pebblesunderground.art/video/phantom-requiem/,,Both exact names appear in title and credits.,2026-08-09
FF-002,A,"Film, Festivals & Exhibitions",Award announcement,2024,2024,AWARD WINNERS – WINTER SCREENINGS 2024,Pebbles Underground,Zazie Kanwar-Torge; Zazie Productions,Jury Special Mention,Phantom Requiem,,English,Independent festival / arts platform,Direct page verified,High,Recommended,https://pebblesunderground.art/award-winners-winter-screenings-2024/,,Award list uses both exact names.,2026-08-09
FF-003,B,"Film, Festivals & Exhibitions",Award screening page,2025,2025,2024 AWARD WINNING WORKS,Pebbles Underground,Zazie Kanwar-Torge; Zazie Productions,Award-winning work and creator credits,Phantom Requiem,,English,Independent festival / arts platform,Direct page verified,High,Recommended,https://pebblesunderground.art/2024awardscreening/,,Film listing and credit use both exact names.,2026-08-09
FF-004,B,"Film, Festivals & Exhibitions",Screening page,2025-09-20,2025,THE FREEDOM TO CONTROL – Pebbles Underground at Visualcontainer [.BOX],Pebbles Underground,Zazie Kanwar-Torge; Zazie Productions,Screening selection and creator credits,Phantom Requiem,,English,Independent festival / arts platform,Direct page verified,High,Recommended,https://pebblesunderground.art/pebblesundergroundvisualcontainerbox/,,Screening page includes exact director and alias credits.,2026-08-09
FF-005,A,"Film, Festivals & Exhibitions",Screening / event listing,2025-09-20,2025,The Freedom to Control,Experimental Cinema / Visualcontainer [.BOX],Zazie Kanwar-Torge; Zazie Productions,Selected filmmaker and film,Phantom Requiem,,English,Independent cinema institution,Direct page verified,High,Recommended,https://expcinema.org/site/en/events/freedom-control,,Program lists ‘PHANTOM REQUIEM by Zazie Kanwar-Torge (Zazie Productions).’,2026-08-09
FF-006,A,"Film, Festivals & Exhibitions",Award announcement,2025-01-15,2025,PEBBLES UNDERGROUND SUMMER 2024 AWARD WINNERS + WINTER 2024 AWARD WINNERS,Visualcontainer TV,Zazie Kanwar-Torge; Zazie Productions,Jury Special Mention and creator listing,Phantom Requiem,,English,Video-art platform,Direct page verified,High,Recommended,https://www.visualcontainer.tv/pebbles-underground-summer-2024-award-winners-winter-2024-award-winners/,,Exact full and company names appear in winners list.,2026-08-09
FF-007,A,"Film, Festivals & Exhibitions",Television festival program,2024-10-09,2024,Celebrate Halloween with our Very Spooky Film Festival!,Latest TV Brighton,Zazie Productions,Film selected for televised festival program,Phantom Requiem,,English,Independent TV / media outlet,Direct page verified,High,Recommended,https://thelatest.co.uk/brighton/2024/10/09/celebrate-halloween-with-our-very-spooky-film-festival/,,Program lists ‘Phantom Requiem by Zazie Productions.’,2026-08-09
FF-008,A,"Film, Festivals & Exhibitions",Gallery exhibition page,2024,2024,Sepsis — Ripples,New Media Artspace,Zazie Productions,"Dedicated exhibition page, video, project statement and artist bio",Sepsis,,English,Academic / arts exhibition,Direct page verified,High,Recommended,https://newmediartspace.info/exhibitions/2024_ripples/sepsis.html,,Exact name is the artist credit and appears in the bio.,2026-08-09
FF-009,B,"Film, Festivals & Exhibitions",Group exhibition artist bio,Unknown,,The Artists — Infinite Self Pavilion,Cybernetic Futures,Zazie Productions,Named artist with bio in group exhibition,Infinite Self Pavilion,,English,Curated art exhibition,Direct page verified,High,Recommended,https://www.cyberneticfutures.com/infinite-self-pavilion/artistsbios,,Artist section is headed ‘ZAZIE PRODUCTIONS.’,2026-08-09
FF-010,A,"Film, Festivals & Exhibitions",Screening / filmmaker listing,2025-11-21,2025,"Films for Freedom, Presented by The Film-Makers' Cooperative and Canyon Cinema",The Film-Makers' Cooperative,Zazie Kanwar-Torge,Featured filmmaker in 100+ artist collaborative film,Films for Freedom,,English,Film institution,Direct page verified,High,Recommended,https://film-makerscoop.com/screenings/films-for-freedom-presented-by-the-film-makers-cooperative-a,,Featured filmmaker list contains the exact full name.,2026-08-09
FF-011,B,"Film, Festivals & Exhibitions",Film / video listing,2025,2025,FILMS FOR FREEDOM,Canyon Cinema Foundation / Vimeo,Zazie Kanwar-Torge,Participating filmmaker in hosted collaborative film,Films for Freedom,,English,Film institution / video platform,Direct page verified,High,Recommended,https://vimeo.com/1139013273,,Video description includes exact full name in participating filmmakers.,2026-08-09
PR-001,A,Publications & Recognition,Security acknowledgement,2025-08,2025,Apple web server security acknowledgements — August 2025,Apple Support,Zazie Kanwar-Torge,Credited security reporter,Apple web-server security,,English,Corporate security acknowledgement,Direct page verified,High,Recommended,https://support.apple.com/en-us/102774,,Apple’s August 2025 credits list contains the exact full name.,2026-08-09
PR-002,A,Publications & Recognition,Published letter / finalist profile,2020,2020,"Zazie Kanwar-Torge, Finalist, Local Letters for Global Change",Pulitzer Center,Zazie Kanwar-Torge,Published contest-finalist letter and author bio,Letter on LGBTQIA+ rights to Senator Thom Tillis,,English,Journalism / education institution,Direct page verified,High,Recommended,https://pulitzercenter.org/zazie-kanwar-torge-finalist-local-letters-global-change,,"Exact full name is in page title, letter signature and bio.",2026-08-09
PR-003,A,Publications & Recognition,Contest announcement,2020-01-08,2020,Winners and Finalists: Local Letters for Global Change 2019,Pulitzer Center,Zazie Kanwar-Torge,Named middle-school finalist,Local Letters for Global Change 2019,,English,Journalism / education institution,Direct page verified,High,Recommended,https://pulitzercenter.org/blog/winners-and-finalists-local-letters-global-change-2019,,Finalist list contains the exact full name.,2026-08-09
PR-004,B,Publications & Recognition,Anthology contributor listing,2026-04-30,2026,Are you really awake?,Amazon Books,Zazie Kanwar-Torge,Named contributing story author,Psychological-horror anthology,,English,Book retailer / publication listing,Direct page verified,High,Recommended,https://www.amazon.com/Are-really-awake-Aiden-Messer/dp/B0GSVBXBGS,https://www.amazon.com/Are-really-awake-Aiden-Messer-ebook/dp/B0GHN8FBP9,Print and Kindle descriptions list the exact full name among contributors.,2026-08-09
PR-005,B,Publications & Recognition,Anthology catalog listing,2026,2026,Are you really awake? — author/publisher catalog,Smashwords,Zazie Kanwar-Torge,Named contributor in book description,Psychological-horror anthology,,English,Book distribution platform,Direct page verified,High,Recommended,https://www.smashwords.com/profile/view/Aiden_E.Messer890,,Catalog description contains the exact full name.,2026-08-09
PR-006,B,Publications & Recognition,Research / sighting record,2025-01-26,2025,Cobalt-indigo flash followed by matte triangular object moving in abrupt jumps with edge illumination,Enigma Labs,Zazie Productions,Report accredited to the multimedia artist,Enigma sighting #311344,,English,Research / reporting platform,Search index verified; live page is client-rendered,High,Recommended,https://enigmalabs.io/sighting/311344,,Indexed record says ‘accredited to multimedia artist known as Zazie Productions.’,2026-08-09
PF-001,A,Profiles & Catalogs,Film / credit database,Unknown,,Zazie Kanwar-Torge,IMDb,Zazie Kanwar-Torge; Zazie Productions,"Composer, producer and sound-department profile",Film credits and biography,,English,Industry database,Direct or search-indexed profile verified,High,Supplemental,https://www.imdb.com/name/nm17333332/,,Public page or index contains the exact name: Zazie Kanwar-Torge; Zazie Productions.,2026-08-09
PF-002,A,Profiles & Catalogs,Professional profile,Unknown,,Zazie Kanwar-Torge - Independent Film Composer,LinkedIn,Zazie Kanwar-Torge; Zazie Productions,"Professional profile, publications, projects and awards",Career and publication index,,English,Professional network,Direct or search-indexed profile verified,High,Supplemental,https://www.linkedin.com/in/zazie-kanwar-torge-3b8a98373/,,Public page or index contains the exact name: Zazie Kanwar-Torge; Zazie Productions.,2026-08-09
PF-003,B,Profiles & Catalogs,Film / creative-industry profile,Unknown,,Zazie Kanwar-Torge,Stage 32,Zazie Kanwar-Torge; Zazie Productions,"Biography, awards and film credits",Film and music credits,,English,Industry network,Direct or search-indexed profile verified,High,Supplemental,https://www.stage32.com/profile/1164424/about,,Public page or index contains the exact name: Zazie Kanwar-Torge; Zazie Productions.,2026-08-09
PF-004,B,Profiles & Catalogs,Film / festival profile,Unknown,,Zazie Productions,FilmFreeway,Zazie Productions,"Filmography, 10 awards/selections and news links",Filmography and awards,,English,Festival platform,Direct or search-indexed profile verified,High,Supplemental,https://filmfreeway.com/ZazieProductions,,Public page or index contains the exact name: Zazie Productions.,2026-08-09
PF-005,B,Profiles & Catalogs,Professional member profile,Unknown,,Zazie Productions,MUSE,Zazie Productions,"Member biography, skills and affiliations",Music and media career,,English,Professional association,Direct or search-indexed profile verified,High,Supplemental,https://museonline.org/profile/zazie-kanwar-torge/,,Public page or index contains the exact name: Zazie Productions.,2026-08-09
PF-006,B,Profiles & Catalogs,Music-services profile / interview,Unknown,,Award Winning Musical Prodigy — Zazie Productions,SoundBetter,Zazie Productions,"Profile, nine reviews, credits and interview",Audio-production services,,English,Services marketplace,Direct or search-indexed profile verified,High,Supplemental,https://soundbetter.com/profiles/614805-zazie-productions,,Public page or index contains the exact name: Zazie Productions.,2026-08-09
PF-007,C,Profiles & Catalogs,Film-industry profile,Unknown,,Zazie Productions,WFCN,Zazie Productions,"Biography, filmography and review",Film career,,English,Industry network,Direct or search-indexed profile verified,High,Supplemental,https://www.wfcn.co/profile/zazie.productions,,Public page or index contains the exact name: Zazie Productions.,2026-08-09
PF-008,C,Profiles & Catalogs,Musician directory,Unknown,,Musicians Directory - Zazie Productions,Musicians.Directory,Zazie Productions,Composition profile and biography,Music career,,English,Directory,Direct or search-indexed profile verified,High,Supplemental,https://musicians.directory/profile-zazie-productions,,Public page or index contains the exact name: Zazie Productions.,2026-08-09
PF-009,C,Profiles & Catalogs,Musician profile,Unknown,,"Zazieproductions + Musician in Asheville, NC",BandMix,Zazie Productions,"Biography, instruments and film video",Music services,,English,Services marketplace,Direct or search-indexed profile verified,High,Supplemental,https://www.bandmix.com/zazieproductions/,,Public page or index contains the exact name: Zazie Productions.,2026-08-09
PF-010,C,Profiles & Catalogs,Creative-services profile,Unknown,,Zazie Productions,Casting Call Club,Zazie Productions,"Composer, editor, audio engineer, writer and producer profile",Creative services,,English,Industry network,Direct or search-indexed profile verified,High,Supplemental,https://www.castingcall.club/zazieproductions,,Public page or index contains the exact name: Zazie Productions.,2026-08-09
PF-011,C,Profiles & Catalogs,Developer / creator profile,Unknown,,Zazie Productions,itch.io,Zazie Productions,"Creator bio, games, tools and digital products",Interactive media,,English,Creator platform,Direct or search-indexed profile verified,High,Supplemental,https://zazieproductions.itch.io/,,Public page or index contains the exact name: Zazie Productions.,2026-08-09
PF-012,B,Profiles & Catalogs,Developer profile,Unknown,,Zazie Kanwar-Torge's Profile,Hackaday.io,Zazie Kanwar-Torge; Zazie Productions,Hardware/audio developer bio and two projects,Audio tech and hardware,,English,Developer community,Direct or search-indexed profile verified,High,Supplemental,https://hackaday.io/ZazieProductions,,Public page or index contains the exact name: Zazie Kanwar-Torge; Zazie Productions.,2026-08-09
PF-013,B,Profiles & Catalogs,Composer reel,Unknown,,Zazie Productions Reel,ReelCrafter,Zazie Kanwar-Torge; Zazie Productions,"Bio, credits and selected scoring reel",Film-composition reel,,English,Portfolio platform,Direct or search-indexed profile verified,High,Supplemental,https://play.reelcrafter.com/z6vU_hn4T76AE0kv4rtd9w,,Public page or index contains the exact name: Zazie Kanwar-Torge; Zazie Productions.,2026-08-09
PF-014,C,Profiles & Catalogs,Music analytics profile,Unknown,,Zazie Kanwar-Torge,Songstats,Zazie Kanwar-Torge,Cross-platform music analytics profile,Music analytics,,English,Analytics platform,Direct or search-indexed profile verified,High,Supplemental,https://songstats.com/artist/mljz9dxu/zazie-kanwar-torge,,Public page or index contains the exact name: Zazie Kanwar-Torge.,2026-08-09
PF-015,B,Profiles & Catalogs,Music analytics / editorial profile,Unknown,,"Zazie Productions - Songs, Events and Music Stats",Viberate,Zazie Productions,"Artist overview, tracks, releases and analytics",Music analytics,,English,Analytics platform,Direct or search-indexed profile verified,High,Supplemental,https://www.viberate.com/artist/zazie-productions/,,Public page or index contains the exact name: Zazie Productions.,2026-08-09
PF-016,C,Profiles & Catalogs,Playlist curator profile,Unknown,,Zazie Productions playlist curator on Groover,Groover,Zazie Productions,Verified curator profile and artist-services bio,Playlist curation,,English,Music platform,Direct or search-indexed profile verified,High,Supplemental,https://groover.co/en/influencer/profile/0.zazie-productions/,,Public page or index contains the exact name: Zazie Productions.,2026-08-09
PF-017,C,Profiles & Catalogs,Music profile,Unknown,,Zazie Productions - @ZazieProd on Slaps,Slaps,Zazie Productions,"Artist biography, tracks and influences",Music profile,,English,Music platform,Direct or search-indexed profile verified,High,Supplemental,https://slaps.com/ZazieProd,,Public page or index contains the exact name: Zazie Productions.,2026-08-09
PF-018,C,Profiles & Catalogs,Visual-art portfolio,Unknown,,Zazie Productions,Behance,Zazie Productions,Visual portfolio and profile,Graphic and visual art,,English,Portfolio platform,Direct or search-indexed profile verified,High,Supplemental,https://www.behance.net/zaziediya,,Public page or index contains the exact name: Zazie Productions.,2026-08-09
PF-019,C,Profiles & Catalogs,Artist equipment index,Unknown,,Artists Starting with Z,Equipboard,Zazie Productions,Indexed artist / composer listing,Music gear profile index,,English,Music database,Direct or search-indexed profile verified,High,Supplemental,https://equipboard.com/pros-index/z,,Public page or index contains the exact name: Zazie Productions.,2026-08-09
PF-020,C,Profiles & Catalogs,Music streaming artist profile,Unknown,,Zazie Productions,Spotify,Zazie Productions,Streaming artist profile,Discography,,English,Streaming platform,Direct or search-indexed profile verified,High,Supplemental,https://open.spotify.com/artist/4UOgvZEOo7xBhFBjJvlMm0,,Public page or index contains the exact name: Zazie Productions.,2026-08-09
PF-021,C,Profiles & Catalogs,Algorithmic radio playlist,Unknown,,Zazie Productions Radio,Spotify,Zazie Productions,Artist radio playlist and track appearances,Artist radio,,English,Streaming platform,Direct or search-indexed profile verified,High,Supplemental,https://open.spotify.com/playlist/37i9dQZF1E4wLqQSg8MWKD,,Public page or index contains the exact name: Zazie Productions.,2026-08-09
PF-022,C,Profiles & Catalogs,Music streaming artist profile,Unknown,,Zazie Productions on Apple Music,Apple Music,Zazie Productions; Zazie Kanwar-Torge,"Albums, singles and composer credits",Discography,,English,Streaming platform,Direct or search-indexed profile verified,High,Supplemental,https://music.apple.com/us/artist/zazie-productions/1623719351,,Public page or index contains the exact name: Zazie Productions; Zazie Kanwar-Torge.,2026-08-09
PF-023,C,Profiles & Catalogs,Music streaming artist profile,Unknown,,"Zazie Productions: albums, songs, concerts",Deezer,Zazie Productions; Zazie Kanwar-Torge,Discography and composer credits,Discography,,English,Streaming platform,Direct or search-indexed profile verified,High,Supplemental,https://www.deezer.com/us/artist/170543657,,Public page or index contains the exact name: Zazie Productions; Zazie Kanwar-Torge.,2026-08-09
PF-024,C,Profiles & Catalogs,Artist storefront / discography,Unknown,,Music — Zazie Productions,Bandcamp,Zazie Productions,Artist bio and self-released discography,Discography,,English,Artist storefront,Direct or search-indexed profile verified,High,Supplemental,https://zazieproductions.bandcamp.com/,,Public page or index contains the exact name: Zazie Productions.,2026-08-09
PF-025,B,Profiles & Catalogs,Music database profile,Unknown,,Zazie Productions Discography,Discogs,Zazie Productions,Artist releases and 58 appearances / 60 compilation rows,Discography and compilation credits,,English,Music database,Direct or search-indexed profile verified,High,Supplemental,https://www.discogs.com/artist/11354435-Zazie-Productions,,Public page or index contains the exact name: Zazie Productions.,2026-08-09
PF-026,C,Profiles & Catalogs,Music credits profile,Unknown,,Zazie Kanwar- Torge - Credits,Muso.AI,Zazie Kanwar-Torge; Zazie Productions,"41 composer credits, lyricist credits and collaborators",Verified music credits,,English,Music database,Direct or search-indexed profile verified,High,Supplemental,https://credits.muso.ai/profile/4010f3b7-9a87-4961-8dfd-917de0ba787e,,Public page or index contains the exact name: Zazie Kanwar-Torge; Zazie Productions.,2026-08-09
PF-027,C,Profiles & Catalogs,Digital-product storefront,Unknown,,Subscribe to Zazie Productions on Gumroad,Gumroad,Zazie Productions,Creator profile and digital products,Digital products,,English,Creator storefront,Direct or search-indexed profile verified,High,Supplemental,https://zazieproductions.gumroad.com/,,Public page or index contains the exact name: Zazie Productions.,2026-08-09
PF-028,C,Profiles & Catalogs,Link hub / portfolio index,Unknown,,Zazie Productions,Linktree,Zazie Productions; Zazie Kanwar-Torge,"Official index of press, profiles, films, releases and products",Cross-platform portfolio,,English,Owned profile hub,Direct or search-indexed profile verified,High,Supplemental,https://linktr.ee/ZazieProductions,,Public page or index contains the exact name: Zazie Productions; Zazie Kanwar-Torge.,2026-08-09
PF-029,C,Profiles & Catalogs,Music-video profile,Unknown,,Zazie Productions Videos,ReverbNation,Zazie Productions,Artist page and hosted videos,Music videos,,English,Music platform,Direct or search-indexed profile verified,High,Supplemental,https://www.reverbnation.com/zazieproductions/videos,,Public page or index contains the exact name: Zazie Productions.,2026-08-09
PF-030,C,Profiles & Catalogs,Song database entry,Unknown,,I Love Everything About You,Rate Your Music,Zazie Productions,Artist credit and compilation appearance,Late Night Love Letters,,English,Music database,Direct or search-indexed profile verified,High,Supplemental,https://rateyourmusic.com/song/zazie-productions/i-love-everything-about-you/,,Public page or index contains the exact name: Zazie Productions.,2026-08-09
PF-031,C,Profiles & Catalogs,Music storefront profile,Unknown,,Zazie Productions,Amazon Music,Zazie Productions,Artist discography profile,Discography,,English,Streaming / retail platform,Direct or search-indexed profile verified,High,Supplemental,https://www.amazon.com/music/player/artists/B0B14FFGFV/zazie-productions,,Public page or index contains the exact name: Zazie Productions.,2026-08-09
MC-001,C,Music Compilations,Compilation appearance,2022,2022,Plosives: An Introduction To Ghost Nun,Ghost Nun,Zazie Productions,Credited artist / track appearance,Easy Concessions,,English,Third-party release / Discogs catalog record,Verified via exact-name Discogs artist index,High,Discography appendix,https://www.discogs.com/release/23533040-Various-Plosives-An-Introduction-To-Ghost-Nun,,Discogs currently lists this row under the exact-name Zazie Productions artist appearances index.,2026-08-09
MC-002,C,Music Compilations,Compilation appearance,2023,2023,Warm Music For Cold Weather: For the Muscular Dystrophy Association,New Shagg Plus,Zazie Productions,Credited artist / track appearance,Oh! Alas! Christmas!,,English,Third-party release / Discogs catalog record,Verified via exact-name Discogs artist index,High,Discography appendix,https://www.discogs.com/release/29280184-Various-Warm-Music-For-Cold-Weather-For-the-Muscular-Dystrophy-Association,,Discogs currently lists this row under the exact-name Zazie Productions artist appearances index.,2026-08-09
MC-003,C,Music Compilations,Compilation appearance,2023,2023,Shadowlands 4,Owlripper Recordings,Zazie Productions,Credited artist / track appearance,Seroquel Coma,,English,Third-party release / Discogs catalog record,Verified via exact-name Discogs artist index,High,Discography appendix,https://www.discogs.com/release/28865734-Various-Shadowlands-4,,Discogs currently lists this row under the exact-name Zazie Productions artist appearances index.,2026-08-09
MC-004,C,Music Compilations,Compilation appearance,2023,2023,Christmasasaurus Unleashed!,Not On Label,Zazie Productions,Credited artist / track appearance,The Reindeers Are Running,,English,Third-party release / Discogs catalog record,Verified via exact-name Discogs artist index,High,Discography appendix,https://www.discogs.com/release/33603147-Various-Christmasasaurus-Unleashed,,Discogs currently lists this row under the exact-name Zazie Productions artist appearances index.,2026-08-09
MC-005,C,Music Compilations,Compilation appearance,2023,2023,Harsh Noise Wall Means Fight Back: Smash Gay Oppression,Delirium Psychosis Productions,Zazie Productions,Credited artist / track appearance,Cisgender Replacement Therapy (CRT),,English,Third-party release / Discogs catalog record,Verified via exact-name Discogs artist index,High,Discography appendix,https://www.discogs.com/release/27529131-Various-Harsh-Noise-Wall-Means-Fight-Back-Smash-Gay-Oppression,,Discogs currently lists this row under the exact-name Zazie Productions artist appearances index.,2026-08-09
MC-006,C,Music Compilations,Compilation appearance,2023,2023,Esoterrexus - A Slithering Black Compilation,Slithering Black Records,Zazie Productions,Credited artist / track appearance,R'lyeh's Xenolith,,English,Third-party release / Discogs catalog record,Verified via exact-name Discogs artist index,High,Discography appendix,https://www.discogs.com/release/28653841-Various-Esoterrexus-A-Slithering-Black-Compilation,,Discogs currently lists this row under the exact-name Zazie Productions artist appearances index.,2026-08-09
MC-007,C,Music Compilations,Compilation appearance,2024,2024,ArrhythNia Digital Net Label Compilation 4: Experimental Music And Noise,arrhythNia Records,Zazie Productions,Credited artist / track appearance,The Day That You Killed Yourself,,English,Third-party release / Discogs catalog record,Verified via exact-name Discogs artist index,High,Discography appendix,https://www.discogs.com/release/30238304-Various-ArrhythNia-Digital-Net-Label-Compilation-4-Experimental-Music-And-Noise,,Discogs currently lists this row under the exact-name Zazie Productions artist appearances index.,2026-08-09
MC-008,C,Music Compilations,Compilation appearance,2024,2024,42 Seconds #7,Owlripper Recordings,Zazie Productions,Credited artist / track appearance,Plumbus Overture,,English,Third-party release / Discogs catalog record,Verified via exact-name Discogs artist index,High,Discography appendix,https://www.discogs.com/release/32706429-Various-42-Seconds-7,,Discogs currently lists this row under the exact-name Zazie Productions artist appearances index.,2026-08-09
MC-009,C,Music Compilations,Compilation appearance,2025,2025,One World,Petroglyph Music,Zazie Productions,Credited artist / track appearance,Moving in Perpetual Slumber,,English,Third-party release / Discogs catalog record,Verified via exact-name Discogs artist index,High,Discography appendix,https://www.discogs.com/release/35745076-Various-One-World,,Discogs currently lists this row under the exact-name Zazie Productions artist appearances index.,2026-08-09
MC-010,C,Music Compilations,Compilation appearance,2025,2025,Thirteenth Quarterly Report Of Argali Records Netlabel: Æther Corruption,Argali Records,Zazie Productions,Credited artist / track appearance,Weaponized Apathy,,English,Third-party release / Discogs catalog record,Verified via exact-name Discogs artist index,High,Discography appendix,https://www.discogs.com/release/33641268-Various-Thirteenth-Quarterly-Report-Of-Argali-Records-Netlabel-%C3%86ther-Corruption,,Discogs currently lists this row under the exact-name Zazie Productions artist appearances index.,2026-08-09
MC-011,C,Music Compilations,Compilation appearance,2025,2025,Fourteenth Quarterly Report Of Argali Records Netlabel: The Great Reconnection,Argali Records,Zazie Productions,Credited artist / track appearance,Pivot And Deflect,,English,Third-party release / Discogs catalog record,Verified via exact-name Discogs artist index,High,Discography appendix,https://www.discogs.com/release/34207969-Various-Fourteenth-Quarterly-Report-Of-Argali-Records-Netlabel-The-Great-Reconnection,,Discogs currently lists this row under the exact-name Zazie Productions artist appearances index.,2026-08-09
MC-012,C,Music Compilations,Compilation appearance,2025,2025,Sixteenth Quarterly Report: Our Just Desserts,Argali Records,Zazie Productions,Credited artist / track appearance,Vibroscriptorium,,English,Third-party release / Discogs catalog record,Verified via exact-name Discogs artist index,High,Discography appendix,https://www.discogs.com/release/35943793-Various-Sixteenth-Quarterly-Report-Our-Just-Desserts,,Discogs currently lists this row under the exact-name Zazie Productions artist appearances index.,2026-08-09
MC-013,C,Music Compilations,Compilation appearance,2025,2025,Exquisite Tones For Oozing Ears - Vol. II,Corn On The Cob Music,Zazie Productions,Credited artist / track appearance,Pyrogenesis,,English,Third-party release / Discogs catalog record,Verified via exact-name Discogs artist index,High,Discography appendix,https://www.discogs.com/release/33883035-Various-Exquisite-Tones-For-Oozing-Ears-Vol-II,,Discogs currently lists this row under the exact-name Zazie Productions artist appearances index.,2026-08-09
MC-014,C,Music Compilations,Compilation appearance,2025,2025,Echoes Of Ancient Wrath,Dodendans,Zazie Productions,Credited artist / track appearance,Anti-Sanity Phase,,English,Third-party release / Discogs catalog record,Verified via exact-name Discogs artist index,High,Discography appendix,https://www.discogs.com/release/37767543-Various-Echoes-Of-Ancient-Wrath,,Discogs currently lists this row under the exact-name Zazie Productions artist appearances index.,2026-08-09
MC-015,C,Music Compilations,Compilation appearance,2025,2025,1 Year Anniversary,The Elements Of Tech & Bass Recordings,Zazie Productions,Credited artist / track appearance,Dome Collapse,,English,Third-party release / Discogs catalog record,Verified via exact-name Discogs artist index,High,Discography appendix,https://www.discogs.com/release/35696575-Various-1-Year-Anniversary,,Discogs currently lists this row under the exact-name Zazie Productions artist appearances index.,2026-08-09
MC-016,C,Music Compilations,Compilation appearance,2025,2025,Experiments on the Witch House,Inner Demons / Dawn Of Darkness,Zazie Productions,Credited artist / track appearance,The Høuse FΩrgøt Its Name / Hex Ritual,,English,Third-party release / Discogs catalog record,Verified via exact-name Discogs artist index,High,Discography appendix,https://www.discogs.com/release/35531737-Various-Experiments-on-the-Witch-House,,Discogs currently lists this row under the exact-name Zazie Productions artist appearances index.,2026-08-09
MC-017,C,Music Compilations,Compilation appearance,2025,2025,LSD666,LOUDsilence,Zazie Productions,Credited artist / track appearance,Pivot And Deflect,,English,Third-party release / Discogs catalog record,Verified via exact-name Discogs artist index,High,Discography appendix,https://www.discogs.com/release/34195165-Various-LSD666,,Discogs currently lists this row under the exact-name Zazie Productions artist appearances index.,2026-08-09
MC-018,C,Music Compilations,Compilation appearance,2025,2025,Harsh Noise Corpus Vol. 4 (International Harsh Noise Compilation),The Hills Are Dead Records,Zazie Productions,Credited artist / track appearance,Track credit on grouped master release,,English,Third-party release / Discogs catalog record,Verified via exact-name Discogs artist index,High,Discography appendix,https://www.discogs.com/master/4006543-Various-Harsh-Noise-Corpus-Vol4-International-Harsh-Noise-Compilation,,Discogs currently lists this row under the exact-name Zazie Productions artist appearances index.,2026-08-09
MC-019,C,Music Compilations,Compilation appearance,2025,2025,Solidarity: A Benefit Compilation for the ACLU,Voidstar Productions,Zazie Productions,Credited artist / track appearance,Pivot and Deflect,,English,Third-party release / Discogs catalog record,Verified via exact-name Discogs artist index,High,Discography appendix,https://www.discogs.com/release/33736134-Various-Solidarity-A-Benefit-Compilation-for-the-ACLU,,Discogs currently lists this row under the exact-name Zazie Productions artist appearances index.,2026-08-09
MC-020,C,Music Compilations,Compilation appearance,2025,2025,Beyond The Body,Witch-House,Zazie Productions,Credited artist / track appearance,Vox Hemorrhagia,,English,Third-party release / Discogs catalog record,Verified via exact-name Discogs artist index,High,Discography appendix,https://www.discogs.com/release/34128706-Various-Beyond-The-Body,,Discogs currently lists this row under the exact-name Zazie Productions artist appearances index.,2026-08-09
MC-021,C,Music Compilations,Compilation appearance,2025,2025,Dissonance Index Vol. 1,The Vanishing Point Syndicate,Zazie Productions,Credited artist / track appearance,Pyrogenesis,,English,Third-party release / Discogs catalog record,Verified via exact-name Discogs artist index,High,Discography appendix,https://www.discogs.com/release/33890583-Various-Dissonance-Index-Vol-1,,Discogs currently lists this row under the exact-name Zazie Productions artist appearances index.,2026-08-09
MC-022,C,Music Compilations,Compilation appearance,2025,2025,DOSTOIVSKI,Plataforma Recs,Zazie Productions,Credited artist / track appearance,No God to witness no crime to prove,,English,Third-party release / Discogs catalog record,Verified via exact-name Discogs artist index,High,Discography appendix,https://www.discogs.com/release/34149232-Various-DOSTOIVSKI,,Discogs currently lists this row under the exact-name Zazie Productions artist appearances index.,2026-08-09
MC-023,C,Music Compilations,Compilation appearance,2025,2025,Thinning Veil Compilation,Ingrown Records,Zazie Productions,Credited artist / track appearance,Moving in Perpetual Slumber,,English,Third-party release / Discogs catalog record,Verified via exact-name Discogs artist index,High,Discography appendix,https://www.discogs.com/release/35567218-Various-Thinning-Veil-Compilation,,Discogs currently lists this row under the exact-name Zazie Productions artist appearances index.,2026-08-09
MC-024,C,Music Compilations,Compilation appearance,2025,2025,Icelock Continuum,Camembert Électrique,Zazie Productions,Credited artist / track appearance,Frost Directive XIII (Broadcast Leak ID: BLZRD-741),,English,Third-party release / Discogs catalog record,Verified via exact-name Discogs artist index,High,Discography appendix,https://www.discogs.com/release/36016036-Various-Icelock-Continuum,,Discogs currently lists this row under the exact-name Zazie Productions artist appearances index.,2026-08-09
MC-025,C,Music Compilations,Compilation appearance,2025,2025,Late Night Love Letters,Utopia District,Zazie Productions,Credited artist / track appearance,I Love Everything About You,,English,Third-party release / Discogs catalog record,Verified via exact-name Discogs artist index,High,Discography appendix,https://www.discogs.com/release/37333392-Various-Late-Night-Love-Letters,,Discogs currently lists this row under the exact-name Zazie Productions artist appearances index.,2026-08-09
MC-026,C,Music Compilations,Compilation appearance,2025,2025,One String,Ensemble For Sound Poetry And Contemporary Music,Zazie Productions,Credited artist / track appearance,Wire Psalm,,English,Third-party release / Discogs catalog record,Verified via exact-name Discogs artist index,High,Discography appendix,https://www.discogs.com/release/35645056-EFSPACM-One-String,,Discogs currently lists this row under the exact-name Zazie Productions artist appearances index.,2026-08-09
MC-027,C,Music Compilations,Compilation appearance,2025,2025,LSD100,LOUDsilence,Zazie Productions,Credited artist / track appearance,Stokes Diapir,,English,Third-party release / Discogs catalog record,Verified via exact-name Discogs artist index,High,Discography appendix,https://www.discogs.com/release/32869101-Various-LSD100,,Discogs currently lists this row under the exact-name Zazie Productions artist appearances index.,2026-08-09
MC-028,C,Music Compilations,Compilation appearance,2025,2025,Synthetic Dystopia,The Church Of Noisy Goat,Zazie Productions,Credited artist / track appearance,Post-Carbon Signal Rot - Comunion V.2.3,,English,Third-party release / Discogs catalog record,Verified via exact-name Discogs artist index,High,Discography appendix,https://www.discogs.com/release/34073494-Various-Synthetic-Dystopia,,Discogs currently lists this row under the exact-name Zazie Productions artist appearances index.,2026-08-09
MC-029,C,Music Compilations,Compilation appearance,2025,2025,Kosmische Lᴧëm - Volume #001,Spirit of Possibility Music,Zazie Productions,Credited artist / track appearance,Pivot and Deflect,,English,Third-party release / Discogs catalog record,Verified via exact-name Discogs artist index,High,Discography appendix,https://www.discogs.com/release/34852574-Various-Kosmische-L%E1%B4%A7%C3%ABm-Volume-001,,Discogs currently lists this row under the exact-name Zazie Productions artist appearances index.,2026-08-09
MC-030,C,Music Compilations,Compilation appearance,2025,2025,Vampires (A Sounds For The Soul Compilation),Sounds for the Soul Records,Zazie Productions,Credited artist / track appearance,Vlad The Impaler,,English,Third-party release / Discogs catalog record,Verified via exact-name Discogs artist index,High,Discography appendix,https://www.discogs.com/release/35511685-Various-Vampires-A-Sounds-For-The-Soul-Compilation,,Discogs currently lists this row under the exact-name Zazie Productions artist appearances index.,2026-08-09
MC-031,C,Music Compilations,Compilation appearance,2025,2025,Noisembryowl 5,Owlripper Recordings,Zazie Productions,Credited artist / track appearance,Weaponized Apathy,,English,Third-party release / Discogs catalog record,Verified via exact-name Discogs artist index,High,Discography appendix,https://www.discogs.com/release/35850694-Various-Noisembryowl-5,,Discogs currently lists this row under the exact-name Zazie Productions artist appearances index.,2026-08-09
MC-032,C,Music Compilations,Compilation appearance,2025,2025,NYOTGRINDER NOISE COMPILATION vol.2,NYOTGRINDER,Zazie Productions,Credited artist / track appearance,xJazz-Grind Obstruction (US),,English,Third-party release / Discogs catalog record,Verified via exact-name Discogs artist index,High,Discography appendix,https://www.discogs.com/release/34846487-Various-NYOTGRINDER-NOISE-COMPILATION-vol2,,Discogs currently lists this row under the exact-name Zazie Productions artist appearances index.,2026-08-09
MC-033,C,Music Compilations,Compilation appearance,2025,2025,Toxic T.,Plataforma Recs,Zazie Productions,Credited artist / track appearance,Occupational Hazards,,English,Third-party release / Discogs catalog record,Verified via exact-name Discogs artist index,High,Discography appendix,https://www.discogs.com/release/33889353-Various-Toxic-T,,Discogs currently lists this row under the exact-name Zazie Productions artist appearances index.,2026-08-09
MC-034,C,Music Compilations,Compilation appearance,2025,2025,1985,Errant Static,Zazie Productions,Credited artist / track appearance,Occupational Hazards,,English,Third-party release / Discogs catalog record,Verified via exact-name Discogs artist index,High,Discography appendix,https://www.discogs.com/release/34981730-Various-1985,,Discogs currently lists this row under the exact-name Zazie Productions artist appearances index.,2026-08-09
MC-035,C,Music Compilations,Compilation appearance,2025,2025,Who Is The Dreamer? — A Tribute To David Lynch,The Church Of Noisy Goat,Zazie Productions,Credited artist / track appearance,Small Transitory Life,,English,Third-party release / Discogs catalog record,Verified via exact-name Discogs artist index,High,Discography appendix,https://www.discogs.com/release/33220155-Various-Who-Is-The-Dreamer-A-Tribute-To-David-Lynch,,Discogs currently lists this row under the exact-name Zazie Productions artist appearances index.,2026-08-09
MC-036,C,Music Compilations,Compilation appearance,2025,2025,7.7,Not On Label (<1 Self-Released),Zazie Productions,Credited artist / track appearance,Pivot and Deflect,,English,Third-party release / Discogs catalog record,Verified via exact-name Discogs artist index,High,Discography appendix,https://www.discogs.com/release/33707496-Divergent-Artists-77,,Discogs currently lists this row under the exact-name Zazie Productions artist appearances index.,2026-08-09
MC-037,C,Music Compilations,Compilation appearance,2025,2025,Stonewall/Noisewall Volume 1,TSHN Productions,Zazie Productions,Credited artist / track appearance,Stalactite Of Dead Reckoning,,English,Third-party release / Discogs catalog record,Verified via exact-name Discogs artist index,High,Discography appendix,https://www.discogs.com/release/35109107-TSHN-Productions-StonewallNoisewall-Volume-1,,Discogs currently lists this row under the exact-name Zazie Productions artist appearances index.,2026-08-09
MC-038,C,Music Compilations,Compilation appearance,2025,2025,Aspirin Age Vol. 5 (A Shoegaze Compilation),Broken Sound Tapes,Zazie Productions,Credited artist / track appearance,Weaponized Apathy,,English,Third-party release / Discogs catalog record,Verified via exact-name Discogs artist index,High,Discography appendix,https://www.discogs.com/release/35667886-Various-Aspirin-Age-Vol-5-A-Shoegaze-Compilation,,Discogs currently lists this row under the exact-name Zazie Productions artist appearances index.,2026-08-09
MC-039,C,Music Compilations,Compilation appearance,2025,2025,Tavern Synth Vol. II,Relics Of The Eternal City,Zazie Productions,Credited artist / track appearance,The Hearth Keeps Time,,English,Third-party release / Discogs catalog record,Verified via exact-name Discogs artist index,High,Discography appendix,https://www.discogs.com/release/36381970-Various-Tavern-Synth-Vol-II,,Discogs currently lists this row under the exact-name Zazie Productions artist appearances index.,2026-08-09
MC-040,C,Music Compilations,Compilation appearance,2025,2025,Ju-On (呪怨) The Music Compilation,Dawn Of Darkness,Zazie Productions,Credited artist / track appearance,Izumi's Disappearance,,English,Third-party release / Discogs catalog record,Verified via exact-name Discogs artist index,High,Discography appendix,https://www.discogs.com/release/34647799-Various-Ju-On-%E5%91%AA%E6%80%A8-The-Music-Compilation,,Discogs currently lists this row under the exact-name Zazie Productions artist appearances index.,2026-08-09
MC-041,C,Music Compilations,Compilation appearance,2025,2025,Make a Change: A Compilation of Skankin' Pickle Covers,Rocket Punch Records,Zazie Productions,Credited artist / track appearance,Not Too Late,,English,Third-party release / Discogs catalog record,Verified via exact-name Discogs artist index,High,Discography appendix,https://www.discogs.com/release/34708917-Various-Make-a-Change-A-Compilation-of-Skankin-Pickle-Covers,,Discogs currently lists this row under the exact-name Zazie Productions artist appearances index.,2026-08-09
MC-042,C,Music Compilations,Compilation appearance,2026,2026,Twenty Three Seconds Ov Time Volume 15: Thee Awakening,Autonomous Individuals Network,Zazie Productions,Credited artist / track appearance,Galvanized Insides Can Feel No Joy,,English,Third-party release / Discogs catalog record,Verified via exact-name Discogs artist index,High,Discography appendix,https://www.discogs.com/release/36703675-Various-Twenty-Three-Seconds-Ov-Time-Volume-15--Thee-Awakening-,,Discogs currently lists this row under the exact-name Zazie Productions artist appearances index.,2026-08-09
MC-043,C,Music Compilations,Compilation appearance,2026,2026,Summoning 1,Dittany of Crete,Zazie Productions,Credited artist / track appearance,The Høuse FΩrgøt Its Name / Hex Ritual,,English,Third-party release / Discogs catalog record,Verified via exact-name Discogs artist index,High,Discography appendix,https://www.discogs.com/release/36430204-Various-Summoning-1,,Discogs currently lists this row under the exact-name Zazie Productions artist appearances index.,2026-08-09
MC-044,C,Music Compilations,Compilation appearance,2026,2026,Summoning 2,Dittany of Crete,Zazie Productions,Credited artist / track appearance,The Spirit’s Bone Colored Air,,English,Third-party release / Discogs catalog record,Verified via exact-name Discogs artist index,High,Discography appendix,https://www.discogs.com/release/36959898-Various-Summoning-2,,Discogs currently lists this row under the exact-name Zazie Productions artist appearances index.,2026-08-09
MC-045,C,Music Compilations,Compilation appearance,2026,2026,Summoning 3,Dittany of Crete,Zazie Productions,Credited artist / track appearance,The Silence Began Crawling,,English,Third-party release / Discogs catalog record,Verified via exact-name Discogs artist index,High,Discography appendix,https://www.discogs.com/release/37565460-Various-Summoning-3,,Discogs currently lists this row under the exact-name Zazie Productions artist appearances index.,2026-08-09
MC-046,C,Music Compilations,Compilation appearance,2026,2026,Field Recording Vol. 3,Gelombang Audiozine,Zazie Productions,Credited artist / track appearance,R09 Recording Water Pond Collage,,English,Third-party release / Discogs catalog record,Verified via exact-name Discogs artist index,High,Discography appendix,https://www.discogs.com/release/37181856-Various-Field-Recording-Vol-3,,Discogs currently lists this row under the exact-name Zazie Productions artist appearances index.,2026-08-09
MC-047,C,Music Compilations,Compilation appearance,2026,2026,Field Recording Vol. 4,Gelombang Audiozine,Zazie Productions,Credited artist / track appearance,Pond At Night Cicadas / Wildlife Binaural,,English,Third-party release / Discogs catalog record,Verified via exact-name Discogs artist index,High,Discography appendix,https://www.discogs.com/release/37644762-Various-Field-Recording-Vol-4,,Discogs currently lists this row under the exact-name Zazie Productions artist appearances index.,2026-08-09
MC-048,C,Music Compilations,Compilation appearance,2026,2026,Harsh Noise Corpus Vol. 5,The Hills Are Dead Records,Zazie Productions,Credited artist / track appearance,Track credit on compilation,,English,Third-party release / Discogs catalog record,Verified via exact-name Discogs artist index,High,Discography appendix,https://www.discogs.com/release/36147124-Various-Harsh-Noise-Corpus-Vol5,,Discogs currently lists this row under the exact-name Zazie Productions artist appearances index.,2026-08-09
MC-049,C,Music Compilations,Compilation appearance,2026,2026,It's Only HNW (But I Like It) IX,The Hills Are Dead Records,Zazie Productions,Credited artist / track appearance,Obelisk Of Static Collapse,,English,Third-party release / Discogs catalog record,Verified via exact-name Discogs artist index,High,Discography appendix,https://www.discogs.com/release/37511712-Various-Its-Only-HNW-But-I-Like-It-IX,,Discogs currently lists this row under the exact-name Zazie Productions artist appearances index.,2026-08-09
MC-050,C,Music Compilations,Compilation appearance,2026,2026,Two Years,LOUDsilence,Zazie Productions,Credited artist / track appearance,Checksum Failed Successfully,,English,Third-party release / Discogs catalog record,Verified via exact-name Discogs artist index,High,Discography appendix,https://www.discogs.com/release/36241024-Various-Two-Years,,Discogs currently lists this row under the exact-name Zazie Productions artist appearances index.,2026-08-09
MC-051,C,Music Compilations,Compilation appearance,2026,2026,I Want To Believe (X-files Tribute),Dawn Of Darkness,Zazie Productions,Credited artist / track appearance,Trust No Signal,,English,Third-party release / Discogs catalog record,Verified via exact-name Discogs artist index,High,Discography appendix,https://www.discogs.com/release/37900812-VA-I-Want-To-Believe-X-files-Tribute,,Discogs currently lists this row under the exact-name Zazie Productions artist appearances index.,2026-08-09
MC-052,C,Music Compilations,Compilation appearance,2026,2026,Frida Kahlo,Plataforma Recs,Zazie Productions,Credited artist / track appearance,Frida and the Broken Column,,English,Third-party release / Discogs catalog record,Verified via exact-name Discogs artist index,High,Discography appendix,https://www.discogs.com/release/36350866-Various-Frida-Kahlo,,Discogs currently lists this row under the exact-name Zazie Productions artist appearances index.,2026-08-09
MC-053,C,Music Compilations,Compilation appearance,2026,2026,SHARDS // Vol. 1,Z-Dimension,Zazie Productions,Credited artist / track appearance,Vibroscriptorium,,English,Third-party release / Discogs catalog record,Verified via exact-name Discogs artist index,High,Discography appendix,https://www.discogs.com/release/36836716-Various-SHARDS--Vol-1,,Discogs currently lists this row under the exact-name Zazie Productions artist appearances index.,2026-08-09
MC-054,C,Music Compilations,Compilation appearance,2026,2026,Frequências Cadavéricas - Volume I (Compilação),Brutalize Recs,Zazie Productions,Credited artist / track appearance,Negative Organ Function,,English,Third-party release / Discogs catalog record,Verified via exact-name Discogs artist index,High,Discography appendix,https://www.discogs.com/release/36973218-Various-Frequ%C3%AAncias-Cadav%C3%A9ricas-Volume-I-Compila%C3%A7%C3%A3o,,Discogs currently lists this row under the exact-name Zazie Productions artist appearances index.,2026-08-09
MC-055,C,Music Compilations,Compilation appearance,2026,2026,H.P. Lovecraft’s ~Whisperer In Darkness~,GATES of HYPNOS,Zazie Productions,Credited artist / track appearance,Akeley's Phonograph,,English,Third-party release / Discogs catalog record,Verified via exact-name Discogs artist index,High,Discography appendix,https://www.discogs.com/release/38101452-Various-HP-Lovecrafts-Whisperer-In-Darkness,,Discogs currently lists this row under the exact-name Zazie Productions artist appearances index.,2026-08-09
MC-056,C,Music Compilations,Compilation appearance,2026,2026,Noise Around The World 14,Plataforma Recs,Zazie Productions,Credited artist / track appearance,Pyrogenesis,,English,Third-party release / Discogs catalog record,Verified via exact-name Discogs artist index,High,Discography appendix,https://www.discogs.com/release/36641662-Various-Noise-Around-The-World-14,,Discogs currently lists this row under the exact-name Zazie Productions artist appearances index.,2026-08-09
MC-057,C,Music Compilations,Compilation appearance,2026,2026,Music Inspired By Mulholland Drive,Dawn Of Darkness,Zazie Productions,Credited artist / track appearance,Club Silencio Acoustic Survey,,English,Third-party release / Discogs catalog record,Verified via exact-name Discogs artist index,High,Discography appendix,https://www.discogs.com/release/36906384-Various-Music-Inspired-By-Mulholland-Drive,,Discogs currently lists this row under the exact-name Zazie Productions artist appearances index.,2026-08-09
MC-058,C,Music Compilations,Compilation appearance,2026,2026,Ecstatic Feedback II: A Terminal Future Industries Compilation,Terminal Future Industries,Zazie Productions,Credited artist / track appearance,Egregore Intrasound,,English,Third-party release / Discogs catalog record,Verified via exact-name Discogs artist index,High,Discography appendix,https://www.discogs.com/release/37824543-Various-Ecstatic-Feedback-II-A-Terminal-Future-Industries-Compilation,,Discogs currently lists this row under the exact-name Zazie Productions artist appearances index.,2026-08-09
MC-059,C,Music Compilations,Compilation appearance,2026,2026,Psych Against Cancer Vol 3 Part 2,Psych Lovers,Zazie Productions,Credited artist / track appearance,Weaponized Apathy,,English,Third-party release / Discogs catalog record,Verified via exact-name Discogs artist index,High,Discography appendix,https://www.discogs.com/release/36690658-Various-Psych-Against-Cancer-Vol-3-Part-2-,,Discogs currently lists this row under the exact-name Zazie Productions artist appearances index.,2026-08-09
MC-060,C,Music Compilations,Compilation appearance,Unknown,,Arboreal Telegraph,Camembert Électrique,Zazie Productions,Credited artist / track appearance,Isochamber Drift,,English,Third-party release / Discogs catalog record,Verified via exact-name Discogs artist index,High,Discography appendix,https://www.discogs.com/release/38101530-Various-Arboreal-Telegraph,,Discogs currently lists this row under the exact-name Zazie Productions artist appearances index.,2026-08-09
